mail	nom	prenom	adresse	telephone	anniversaire	date_inscrit	pays
Mauris.ut.quam@scelerisquesedsapien.net	Dominguez	Jaime	3999 Nulla. Av.	06 09 89 60 69	19/01/57	27/01/13	France
accumsan@lacusAliquamrutrum.org	Lane	Mercedes	P.O. Box 214, 828 Quam Rd.	08 24 31 28 65	09/05/66	02/02/18	France
aliquet.metus@augueid.com	Shepherd	Caldwell	P.O. Box 256, 4585 Nibh Ave	03 48 29 19 58	26/02/63	07/01/18	France
fringilla@risusDuis.edu	Hernandez	Clarke	410-921 Faucibus Avenue	05 15 89 44 98	12/12/68	08/07/15	Belgique
semper@sapien.org	Gamble	Bert	2612 Justo. Road	06 24 85 35 78	14/08/00	25/04/20	France
volutpat@parturientmontes.co.uk	William	Kimberley	Ap #563-6056 Augue Street	01 08 12 38 91	11/02/83	28/07/18	France
senectus@feugiat.edu	Lynch	Daquan	128-9641 Porttitor Ave	04 72 99 02 73	19/07/87	21/12/20	France
sit.amet.consectetuer@Pellentesque.com	Harvey	Vincent	P.O. Box 210, 4419 Sed Road	05 28 79 67 58	15/08/54	18/03/15	France
amet@Curabitur.net	Hunter	Rylee	4121 Neque. Rd.	08 05 62 66 56	30/04/84	26/06/20	France
urna@Aliquamerat.com	Wolf	Michelle	Ap #587-7869 Orci St.	08 75 03 36 77	18/10/68	18/09/18	France
quis.tristique@nonummy.co.uk	Whitaker	Griffin	P.O. Box 381, 7050 Cursus Rd.	05 97 74 09 53	14/11/66	19/04/20	Suisse
et.nunc@gravida.edu	Burks	Raymond	P.O. Box 472, 9605 Mauris Ave	03 82 99 03 04	04/11/95	04/11/11	France
neque.pellentesque.massa@Phasellusvitaemauris.net	Farmer	Susan	209-6031 Mollis Street	06 23 01 58 76	08/04/65	30/04/17	Belgique
sociis.natoque.penatibus@enimNuncut.org	Yang	Ruth	443-4449 Nonummy Av.	03 41 16 65 36	01/01/84	21/08/19	France
nec@non.net	Whitfield	Declan	P.O. Box 203, 2695 Lacus Rd.	05 61 20 88 85	14/08/00	02/07/14	France
Quisque.fringilla.euismod@fermentumfermentumarcu.net	Mccullough	Erich	Ap #403-1584 Scelerisque St.	02 58 59 62 38	24/06/71	03/04/20	France
mollis@faucibusorci.net	Glover	Acton	3220 Donec Avenue	09 19 43 13 91	23/07/92	16/07/14	Suisse
nonummy@consectetueradipiscingelit.org	Spence	Cain	2900 Parturient St.	05 43 28 41 03	10/12/90	15/06/17	France
pede@vulputateposuere.org	Beasley	Myles	Ap #762-4997 Aliquet. Rd.	04 01 05 35 58	31/07/63	29/05/19	France
Praesent@vitae.ca	Snow	Dante	870-8397 Natoque Avenue	08 13 62 86 07	07/04/77	07/02/14	Suisse
ipsum.dolor.sit@scelerisque.org	Fleming	Aurora	8406 Quisque Avenue	08 89 86 06 31	29/06/57	30/06/14	France
lobortis@congue.net	Michael	Hamilton	143-5787 Auctor Rd.	08 83 15 03 29	04/02/81	31/01/14	France
Cum.sociis.natoque@enimnon.com	Benton	Devin	781-3665 Dapibus Rd.	09 30 48 22 54	28/11/88	19/09/16	France
sapien.Nunc.pulvinar@cursus.org	Sanford	Theodore	2062 Dis Av.	02 50 89 06 68	05/11/66	09/03/21	France
molestie.tortor@diam.com	Hurst	Finn	Ap #858-2821 Est, Av.	08 10 91 02 89	20/12/69	24/09/15	France
penatibus.et.magnis@ametconsectetueradipiscing.ca	Franco	Harper	436-725 Arcu. Rd.	04 27 64 08 92	20/12/74	27/04/17	France
eget.nisi@Integereulacus.edu	Bernard	Claudia	7955 Diam St.	02 01 45 70 96	18/12/01	07/09/10	Suisse
quis.diam.luctus@ornareInfaucibus.co.uk	Ramos	Bruce	8017 Felis. St.	08 53 90 77 48	17/11/70	24/03/17	France
ut.cursus@lectus.org	Buchanan	Martina	4029 In, Street	06 79 85 92 84	16/06/01	31/12/18	France
nascetur.ridiculus@ipsumPhasellusvitae.org	James	Buffy	P.O. Box 426, 4330 Lorem Ave	09 20 60 06 55		04/10/10	France
mi.lorem.vehicula@fringilla.ca	Parsons	Wyoming	3299 Praesent Street	03 64 39 91 07	04/10/74	20/03/20	France
egestas@sodales.ca	Sargent	Simone	P.O. Box 170, 3775 Suscipit Rd.	07 77 57 84 32	11/11/79	16/01/11	France
justo.Proin.non@ligulaNullamfeugiat.net	Spears	Sopoline	3965 Id, Road	05 36 64 46 26	12/07/95	02/04/19	France
eu.nibh.vulputate@purusNullamscelerisque.ca	Fleming	Cain	Ap #852-6061 Nunc St.	07 47 27 02 83	31/10/91	31/08/11	France
aliquam@atrisus.com	Lopez	Keane	P.O. Box 777, 543 Lorem, St.	07 38 16 87 60	19/10/57	01/04/20	Belgique
amet.faucibus@ultriciessem.org	Bolton	Elton	P.O. Box 961, 2655 Molestie Street	06 66 24 21 88	12/08/64	30/01/16	France
gravida@mollis.ca	Stout	Hanna	P.O. Box 287, 4287 Vulputate Av.	02 32 86 36 52	10/10/00	02/10/18	France
lorem@Pellentesqueultriciesdignissim.org	Reid	Sybill	396-581 Magna. Road	01 80 63 27 51	19/08/63	25/12/16	Suisse
erat.Etiam.vestibulum@mollisneccursus.ca	Gaines	Azalia	875-9290 Nulla Av.	05 52 00 19 71	06/03/59	29/03/11	Suisse
ullamcorper.viverra.Maecenas@milacinia.com	Riddle	Ezekiel	P.O. Box 440, 9928 Ante Ave	05 94 92 04 09		18/06/14	France
elit.pede.malesuada@nunc.org	Mejia	Aladdin	3050 Donec Street	03 82 83 36 21	23/01/60	28/03/14	France
ullamcorper.magna@congueaaliquet.net	Santana	Roary	2416 Mollis. St.	07 41 40 11 50	08/12/83	16/08/12	France
velit@semmagnanec.com	Moreno	Aquila	P.O. Box 282, 5337 Sit Rd.	02 13 26 06 50	17/08/87	28/11/12	France
hendrerit.a@malesuadaut.co.uk	Guerrero	Avram	P.O. Box 712, 1313 Dui, Road	01 57 67 47 20	27/10/87	06/05/10	France
elit.Etiam.laoreet@ipsum.org	Weaver	Renee	777-7291 Erat, Rd.	08 44 50 22 95	15/02/50	02/06/19	France
eu.euismod.ac@orciUt.edu	Henry	Guinevere	Ap #635-2578 Egestas. Av.	03 77 15 76 90	10/09/62	23/07/13	France
imperdiet.ornare@convallis.com	Chase	Nayda	P.O. Box 990, 4772 Proin Avenue	04 43 53 97 42	28/03/79	04/06/19	France
tempor.lorem.eget@tempor.co.uk	Riley	Plato	P.O. Box 207, 5775 Aptent Rd.	03 22 78 22 88	18/03/97	12/01/15	Suisse
ornare@ametdapibus.co.uk	Sparks	Honorato	Ap #792-6914 Fringilla. Road	03 21 79 65 29	13/08/87	15/12/18	France
Quisque@auctor.edu	Fry	Althea	819-7167 Sed St.	04 86 26 49 39	03/12/96	08/07/19	Suisse
eu@parturientmontes.net	Baird	Quinn	P.O. Box 895, 2031 Pede. St.	08 05 73 40 99	09/03/79	06/05/13	France
eget.nisi.dictum@Quisque.com	Ferrell	Karleigh	P.O. Box 726, 7401 Amet St.	04 36 18 68 24	13/11/68	16/04/21	France
sem@commodotincidunt.edu	Hardy	Amber	3813 Vitae Street	09 48 22 16 00	17/10/72	02/01/20	France
urna.justo.faucibus@posuerecubiliaCurae.net	Blevins	Isaiah	Ap #727-6455 Phasellus St.	01 92 95 05 12	20/05/59	10/09/10	Suisse
Sed.dictum@tinciduntorci.org	Mercer	Latifah	Ap #705-992 Cursus Ave	01 74 06 70 66	11/02/58	13/12/18	France
est.ac@liberoettristique.net	Fleming	Molly	P.O. Box 967, 2743 Semper, Av.	09 48 59 89 95	31/10/83	02/07/15	France
est@atpretium.com	Harrell	Hadassah	412-8726 Libero Road	08 69 37 92 83	06/10/70	12/10/10	France
elit@Maurisutquam.co.uk	Kelly	Vanna	7864 Odio Avenue	04 17 12 45 37	05/02/70	30/04/20	France
imperdiet@nisiAeneaneget.ca	Duncan	Jade	9648 Facilisis Rd.	03 01 28 51 64	14/08/76	31/01/19	France
In.scelerisque.scelerisque@egetmagnaSuspendisse.edu	Henry	Jerome	8336 Lorem Rd.	05 67 44 30 29	09/08/79	10/03/17	France
blandit.viverra@loremsemper.net	George	Talon	887-1289 At Road	06 85 13 41 98		04/10/19	France
in.hendrerit.consectetuer@placeratorci.ca	Melendez	Alice	473-8336 Diam Road	04 71 06 05 63	13/10/90	01/05/10	France
lectus.pede@luctusvulputatenisi.edu	Walls	Colt	Ap #706-3483 Neque Rd.	04 33 44 23 39	24/10/64	31/05/11	France
Nullam@Integerurna.net	Conway	Leslie	Ap #458-9420 Orci Av.	09 50 34 93 46	05/06/95	17/04/13	France
feugiat@elitNulla.com	Waller	Heidi	Ap #921-2253 Adipiscing Rd.	04 47 19 22 72	13/11/51	28/02/13	Belgique
eu.metus.In@laoreetliberoet.org	Serrano	Buffy	3476 Lorem Av.	04 47 96 51 51	05/05/71	24/04/15	France
mollis.vitae@necurna.com	Henry	Fay	Ap #459-4536 Metus Rd.	02 67 68 40 74	17/10/87	18/05/10	France
et@Ut.ca	Mckinney	Dane	Ap #931-8401 Tincidunt. Avenue	04 37 30 25 22	21/03/80	20/07/15	France
non.nisi@atauctor.net	King	Galena	Ap #573-4036 Curabitur Road	06 38 07 45 64	03/11/60	06/04/13	France
fringilla.euismod@Inscelerisque.ca	Norman	Aurora	P.O. Box 954, 1609 Ac Rd.	04 83 02 56 65	14/10/86	25/01/18	France
nec.euismod.in@temporarcu.ca	Melendez	Elijah	Ap #204-5287 Rutrum Avenue	01 37 08 66 18	06/07/00	16/02/17	France
orci@Donecluctus.edu	Mcmillan	Kato	658-7362 Ullamcorper. Rd.	03 23 36 14 92	02/06/01	01/08/15	France
nibh@ipsum.co.uk	Franco	Hadley	938-9168 Et Street	01 14 10 95 23	09/10/90	07/03/18	France
nonummy.ipsum.non@lorem.net	Curtis	Melinda	3019 Donec St.	04 01 10 35 39	31/01/71	08/05/15	France
erat.semper.rutrum@duiin.com	Mejia	Marvin	734-3668 Vestibulum Rd.	03 84 77 58 62	10/09/59	13/12/15	France
nulla.Cras@ornareFuscemollis.org	Kennedy	Axel	Ap #757-9291 Donec Rd.	03 45 32 23 32	12/07/89	01/01/11	France
tellus.eu@accumsan.edu	Garrison	Fritz	Ap #819-4983 Ligula. Rd.	04 85 61 58 26	13/07/76	20/06/13	France
enim.Nunc.ut@tellusfaucibusleo.ca	Fletcher	Tanek	104-122 Accumsan Street	09 32 21 24 45	12/11/81	10/08/11	France
nisi@neque.org	Stewart	Idona	771-2485 Gravida Ave	02 03 85 90 32	26/12/00	20/11/15	Belgique
quis.accumsan.convallis@arcuSedet.ca	Lindsay	Alika	265 Risus St.	06 77 03 51 70	13/05/58	20/09/13	France
Suspendisse.aliquet.molestie@dictumaugue.edu	Guthrie	Kato	P.O. Box 751, 7195 Natoque St.	01 31 75 64 57	20/06/78	29/09/10	France
lorem.eu.metus@Nullaegetmetus.co.uk	Bass	Dalton	405-8019 Donec Street	09 60 58 64 97	19/12/79	31/10/17	France
Nulla.eu.neque@Phasellus.org	Wilkinson	Branden	3911 Semper St.	07 90 75 92 34	25/01/92	12/03/12	France
ultrices@imperdiet.com	Noble	Daphne	307-542 Enim. Street	03 69 47 74 75	08/09/65	05/11/12	France
faucibus@gravidamauris.com	May	Rafael	4780 Aliquet St.	08 26 46 95 14	25/07/51	21/03/20	France
quis.pede@arcu.net	Hampton	Libby	Ap #579-4764 Praesent Road	02 08 79 16 24	30/05/87	12/02/21	France
risus.In@arcu.net	Fulton	Grady	P.O. Box 664, 1000 Ultricies Av.	02 98 45 38 82	11/08/95	18/05/18	France
faucibus.ut@posuereatvelit.org	Crane	Jerome	Ap #430-7968 Ad Street	09 58 20 80 34	16/02/76	10/12/13	France
bibendum.sed.est@mi.net	Hays	Hector	7044 Dapibus Av.	07 71 57 91 19	20/02/82	05/09/16	France
egestas.Fusce@nibhsit.com	Snyder	Lester	811-773 Morbi Avenue	04 45 77 55 47	29/04/65	12/07/11	France
natoque.penatibus@habitantmorbitristique.org	Sloan	Nicole	P.O. Box 961, 8966 Sociis Avenue	07 99 11 35 22	04/07/62	06/05/19	France
id.ante.dictum@egetvariusultrices.ca	Oliver	Dominic	4789 Vitae Avenue	01 49 96 58 45	04/01/63	28/07/16	Belgique
Suspendisse@odiosemper.net	Duke	Tyrone	Ap #739-1747 Nulla Street	08 52 48 96 58	13/10/80	28/12/14	France
amet@Maurisblandit.edu	Faulkner	Rebekah	962-3076 Ridiculus Rd.	08 70 26 64 33	10/03/91	10/12/18	France
cursus@nequesedsem.co.uk	Vargas	Lavinia	865-7726 Aliquam St.	03 95 69 08 72	13/05/67	14/12/13	France
facilisis@ettristique.co.uk	Wilkerson	Nola	969-2683 Egestas. Av.	07 64 23 15 56	12/07/98	11/03/16	France
dui.lectus.rutrum@interdum.ca	Bright	Valentine	551-9830 Egestas. Ave	05 63 71 75 21	07/09/67	06/02/18	France
placerat.augue@pharetra.edu	Vance	April	Ap #858-2248 Dui, St.	09 71 47 64 01	07/12/73	06/10/20	France
rutrum.lorem@nibhPhasellusnulla.com	Keith	Raphael	132-6071 Nascetur Road	01 98 51 10 17	18/07/86	26/06/16	France
ad@ornareIn.ca	Osborn	Mason	Ap #758-6639 Sociosqu St.	08 50 81 74 08	06/08/54	09/02/16	France
