id_cmd,date_cmd,adresse,mail
101,2015-07-17,"P.O. Box 210, 4419 Sed Road",sit.amet.consectetuer@Pellentesque.com
102,2016-08-22,"P.O. Box 170, 3775 Suscipit Rd.",egestas@sodales.ca
103,2017-01-09,938-9168 Et Street,nibh@ipsum.co.uk
104,2017-01-12,4789 Vitae Avenue,id.ante.dictum@egetvariusultrices.ca
105,2021-05-02,4780 Aliquet St.,faucibus@gravidamauris.com
106,2021-05-07,4780 Aliquet St.,faucibus@gravidamauris.com
107,2021-05-15,7864 Odio Avenue,elit@Maurisutquam.co.uk
108,2020-11-13,7864 Odio Avenue,elit@Maurisutquam.co.uk
109,2019-09-27,7864 Odio Avenue,elit@Maurisutquam.co.uk
110,2020-05-27,"P.O. Box 990, 4772 Proin Avenue",imperdiet.ornare@convallis.com
111,2020-05-27,Ap #727-6455 Phasellus St.,urna.justo.faucibus@posuerecubiliaCurae.net
112,2021-05-10,Ap #727-6455 Phasellus St.,urna.justo.faucibus@posuerecubiliaCurae.net
113,2021-05-18,Ap #635-2578 Egestas. Av.,eu.euismod.ac@orciUt.edu
114,2020-11-27,412-8726 Libero Road,est@atpretium.com
115,2020-12-29,"P.O. Box 440, 9928 Ante Ave",ullamcorper.viverra.Maecenas@milacinia.com
116,2021-01-19,"P.O. Box 954, 1609 Ac Rd.",fringilla.euismod@Inscelerisque.ca
117,2021-02-16,3911 Semper St.,Nulla.eu.neque@Phasellus.org
118,2021-03-27,3911 Semper St.,Nulla.eu.neque@Phasellus.org
119,2021-05-10,Ap #573-4036 Curabitur Road,non.nisi@atauctor.net
120,2021-04-27,962-3076 Ridiculus Rd.,amet@Maurisblandit.edu
